{"geo": ["Albania", "Austria", "Belgium", "Bosnia and Herzegovina", "Bulgaria", "Croatia", "Cyprus", "Czechia", "Denmark", "Estonia", "European Union - 27 countries (from 2020)", "Finland", "France", "Germany", "Greece", "Hungary", "Iceland", "Ireland", "Italy", "Latvia", "Lithuania", "Luxembourg", "Malta", "Montenegro", "Netherlands", "North Macedonia", "Norway", "Poland", "Portugal", "Romania", "Serbia", "Slovakia", "Slovenia", "Spain", "Sweden", "Switzerland", "T\u00fcrkiye", "United Kingdom"], "hicp": [6.6, 8.6, 10.3, null, 13.0, 10.7, 8.1, 14.8, 8.6, 19.4, 9.2, 7.2, 5.9, 8.7, 9.3, 15.3, 5.7, 8.1, 8.7, 17.2, 18.9, 8.2, 6.1, 11.9, 11.6, 14.0, 6.2, 13.2, 8.1, 12.0, 11.7, 12.1, 9.3, 8.3, 8.1, 2.7, null, null], "pli_change": [3.6000000000000014, 3.0, 1.4000000000000057, 2.299999999999997, 3.700000000000003, 5.5, -0.5, 8.400000000000006, 0.799999999999983, 8.700000000000003, 0.0, -2.0, -2.5999999999999943, 1.7999999999999972, -1.5, 6.0, 7.599999999999994, -0.700000000000017, -3.0, 7.5, 11.300000000000011, -6.799999999999983, -2.299999999999997, 3.1000000000000014, 0.09999999999999432, 5.200000000000003, -14.0, 7.700000000000003, -2.200000000000003, 5.799999999999997, 5.600000000000001, 1.5999999999999943, 2.4000000000000057, -4.200000000000003, -13.499999999999986, 5.600000000000023, 3.0, -4.599999999999994]}